name,time,RMSE_train,RMSE_test,MAE_train,MAE_test,NMSE_train,NMSE_test,r2_train,r2_test
0.36961805828883376 + 0.22779466294847878*(sqrt(x0^(2)*x1^(3))) + 9.358942566447201e-2*(log(x0*x1^(3)*x2^(3)*x4^(3))) + 1.0486244778112745*(tanh(x2^(3)*x3^(2)*x4^(3)*x5^(-3))) + 0.7988110451898345*(tanh(x0*x2*x3^(2)*x4*x5^(-2))),0.22779466294847878*((1/(sqrt(x0^(2)*x1^(3))^2)) * (2 * x0*x1^(3))) + 9.358942566447201e-2*((1/x0*x1^(3)*x2^(3)*x4^(3)) * (1 * x1^(3)*x2^(3)*x4^(3))) + 0.7988110451898345*((1/(cosh(x0*x2*x3^(2)*x4*x5^(-2))^2)) * (1 * x2*x3^(2)*x4*x5^(-2))),0.22779466294847878*((1/(sqrt(x0^(2)*x1^(3))^2)) * (3 * x0^(2)*x1^(2))) + 9.358942566447201e-2*((1/x0*x1^(3)*x2^(3)*x4^(3)) * (3 * x0*x1^(2)*x2^(3)*x4^(3))),9.358942566447201e-2*((1/x0*x1^(3)*x2^(3)*x4^(3)) * (3 * x0*x1^(3)*x2^(2)*x4^(3))) + 1.0486244778112745*((1/(cosh(x2^(3)*x3^(2)*x4^(3)*x5^(-3))^2)) * (3 * x2^(2)*x3^(2)*x4^(3)*x5^(-3))) + 0.7988110451898345*((1/(cosh(x0*x2*x3^(2)*x4*x5^(-2))^2)) * (1 * x0*x3^(2)*x4*x5^(-2))),1.0486244778112745*((1/(cosh(x2^(3)*x3^(2)*x4^(3)*x5^(-3))^2)) * (2 * x2^(3)*x3*x4^(3)*x5^(-3))) + 0.7988110451898345*((1/(cosh(x0*x2*x3^(2)*x4*x5^(-2))^2)) * (2 * x0*x2*x3*x4*x5^(-2))),9.358942566447201e-2*((1/x0*x1^(3)*x2^(3)*x4^(3)) * (3 * x0*x1^(3)*x2^(3)*x4^(2))) + 1.0486244778112745*((1/(cosh(x2^(3)*x3^(2)*x4^(3)*x5^(-3))^2)) * (3 * x2^(3)*x3^(2)*x4^(2)*x5^(-3))) + 0.7988110451898345*((1/(cosh(x0*x2*x3^(2)*x4*x5^(-2))^2)) * (1 * x0*x2*x3^(2)*x5^(-2))),1.0486244778112745*((1/(cosh(x2^(3)*x3^(2)*x4^(3)*x5^(-3))^2)) * (-3 * x2^(3)*x3^(2)*x4^(3)*x5^(-4))) + 0.7988110451898345*((1/(cosh(x0*x2*x3^(2)*x4*x5^(-2))^2)) * (-2 * x0*x2*x3^(2)*x4*x5^(-3)))
0.134220062790907 + 0.21775678121888215*(sqrt.abs(x0^(3)*x1^(3))) + 0.3443196439067781*(tanh(x0^(3)*x1^(3)*x2*x4^(3)*x5^(-2))) + 2.89591317916019e-2*(sqrt(x1^(3)*x4^(2))) + 1.214415340627402*(id(x2*x3*x5^(-1))),0.21775678121888215*((x0^(3)*x1^(3) / (2*abs(x0^(3)*x1^(3))^(1.5))) * (3 * x0^(2)*x1^(3))) + 0.3443196439067781*((1/(cosh(x0^(3)*x1^(3)*x2*x4^(3)*x5^(-2))^2)) * (3 * x0^(2)*x1^(3)*x2*x4^(3)*x5^(-2))),0.21775678121888215*((x0^(3)*x1^(3) / (2*abs(x0^(3)*x1^(3))^(1.5))) * (3 * x0^(3)*x1^(2))) + 0.3443196439067781*((1/(cosh(x0^(3)*x1^(3)*x2*x4^(3)*x5^(-2))^2)) * (3 * x0^(3)*x1^(2)*x2*x4^(3)*x5^(-2))) + 2.89591317916019e-2*((1/(sqrt(x1^(3)*x4^(2))^2)) * (3 * x1^(2)*x4^(2))),0.3443196439067781*((1/(cosh(x0^(3)*x1^(3)*x2*x4^(3)*x5^(-2))^2)) * (1 * x0^(3)*x1^(3)*x4^(3)*x5^(-2))) + 1.214415340627402*((1 * x3*x5^(-1))),1.214415340627402*((1 * x2*x5^(-1))),0.3443196439067781*((1/(cosh(x0^(3)*x1^(3)*x2*x4^(3)*x5^(-2))^2)) * (3 * x0^(3)*x1^(3)*x2*x4^(2)*x5^(-2))) + 2.89591317916019e-2*((1/(sqrt(x1^(3)*x4^(2))^2)) * (2 * x1^(3)*x4)),0.3443196439067781*((1/(cosh(x0^(3)*x1^(3)*x2*x4^(3)*x5^(-2))^2)) * (-2 * x0^(3)*x1^(3)*x2*x4^(3)*x5^(-3))) + 1.214415340627402*((-1 * x2*x3*x5^(-2)))
0.1684654641035888 + 0.7288624475154863*(id(x2*x4)) + 0.24500418463728785*(sqrt.abs(x0^(2)*x1^(3))) + 0.4624297552511657*(tanh(x0*x2*x3^(3)*x4*x5^(-3))) + 2.564970880862827e-2*(id(x2^(2)*x3^(3)*x4*x5^(-2))),0.24500418463728785*((x0^(2)*x1^(3) / (2*abs(x0^(2)*x1^(3))^(1.5))) * (2 * x0*x1^(3))) + 0.4624297552511657*((1/(cosh(x0*x2*x3^(3)*x4*x5^(-3))^2)) * (1 * x2*x3^(3)*x4*x5^(-3))),0.24500418463728785*((x0^(2)*x1^(3) / (2*abs(x0^(2)*x1^(3))^(1.5))) * (3 * x0^(2)*x1^(2))),0.7288624475154863*((1 * x4)) + 0.4624297552511657*((1/(cosh(x0*x2*x3^(3)*x4*x5^(-3))^2)) * (1 * x0*x3^(3)*x4*x5^(-3))) + 2.564970880862827e-2*((2 * x2*x3^(3)*x4*x5^(-2))),0.4624297552511657*((1/(cosh(x0*x2*x3^(3)*x4*x5^(-3))^2)) * (3 * x0*x2*x3^(2)*x4*x5^(-3))) + 2.564970880862827e-2*((3 * x2^(2)*x3^(2)*x4*x5^(-2))),0.7288624475154863*((1 * x2)) + 0.4624297552511657*((1/(cosh(x0*x2*x3^(3)*x4*x5^(-3))^2)) * (1 * x0*x2*x3^(3)*x5^(-3))) + 2.564970880862827e-2*((1 * x2^(2)*x3^(3)*x5^(-2))),0.4624297552511657*((1/(cosh(x0*x2*x3^(3)*x4*x5^(-3))^2)) * (-3 * x0*x2*x3^(3)*x4*x5^(-4))) + 2.564970880862827e-2*((-2 * x2^(2)*x3^(3)*x4*x5^(-3)))
0.6318213392325934 + 6.1306900996236126e-2*(id(x2*x3^(2)*x4*x5^(-1))) + -0.3979947757364852*(tanh(x1^(-3)*x2^(-1)*x5^(2))) + 0.233346626469021*(sqrt.abs(x0^(2)*x1^(3))) + 4.842350435011746*(sqrt(x0^(2)*x2^(3)*x4^(3)*x5^(-2))),0.233346626469021*((x0^(2)*x1^(3) / (2*abs(x0^(2)*x1^(3))^(1.5))) * (2 * x0*x1^(3))) + 4.842350435011746*((1/(sqrt(x0^(2)*x2^(3)*x4^(3)*x5^(-2))^2)) * (2 * x0*x2^(3)*x4^(3)*x5^(-2))),-0.3979947757364852*((1/(cosh(x1^(-3)*x2^(-1)*x5^(2))^2)) * (-3 * x1^(-4)*x2^(-1)*x5^(2))) + 0.233346626469021*((x0^(2)*x1^(3) / (2*abs(x0^(2)*x1^(3))^(1.5))) * (3 * x0^(2)*x1^(2))),6.1306900996236126e-2*((1 * x3^(2)*x4*x5^(-1))) + -0.3979947757364852*((1/(cosh(x1^(-3)*x2^(-1)*x5^(2))^2)) * (-1 * x1^(-3)*x2^(-2)*x5^(2))) + 4.842350435011746*((1/(sqrt(x0^(2)*x2^(3)*x4^(3)*x5^(-2))^2)) * (3 * x0^(2)*x2^(2)*x4^(3)*x5^(-2))),6.1306900996236126e-2*((2 * x2*x3*x4*x5^(-1))),6.1306900996236126e-2*((1 * x2*x3^(2)*x5^(-1))) + 4.842350435011746*((1/(sqrt(x0^(2)*x2^(3)*x4^(3)*x5^(-2))^2)) * (3 * x0^(2)*x2^(3)*x4^(2)*x5^(-2))),6.1306900996236126e-2*((-1 * x2*x3^(2)*x4*x5^(-2))) + -0.3979947757364852*((1/(cosh(x1^(-3)*x2^(-1)*x5^(2))^2)) * (2 * x1^(-3)*x2^(-1)*x5)) + 4.842350435011746*((1/(sqrt(x0^(2)*x2^(3)*x4^(3)*x5^(-2))^2)) * (-2 * x0^(2)*x2^(3)*x4^(3)*x5^(-3)))
1.2855083195173458 + 1.5292224795500138e-2*(id(x2^(2)*x3^(2)*x4)) + -0.7125272862321722*(tanh(x1^(-3)*x5^(3))) + 0.2250341039905942*(sqrt(x0^(3)*x1^(3))) + 0.16419018593476414*(log(x1^(3)*x2*x4^(3)*x5^(-1))),0.2250341039905942*((1/(sqrt(x0^(3)*x1^(3))^2)) * (3 * x0^(2)*x1^(3))),-0.7125272862321722*((1/(cosh(x1^(-3)*x5^(3))^2)) * (-3 * x1^(-4)*x5^(3))) + 0.2250341039905942*((1/(sqrt(x0^(3)*x1^(3))^2)) * (3 * x0^(3)*x1^(2))) + 0.16419018593476414*((1/x1^(3)*x2*x4^(3)*x5^(-1)) * (3 * x1^(2)*x2*x4^(3)*x5^(-1))),1.5292224795500138e-2*((2 * x2*x3^(2)*x4)) + 0.16419018593476414*((1/x1^(3)*x2*x4^(3)*x5^(-1)) * (1 * x1^(3)*x4^(3)*x5^(-1))),1.5292224795500138e-2*((2 * x2^(2)*x3*x4)),1.5292224795500138e-2*((1 * x2^(2)*x3^(2))) + 0.16419018593476414*((1/x1^(3)*x2*x4^(3)*x5^(-1)) * (3 * x1^(3)*x2*x4^(2)*x5^(-1))),-0.7125272862321722*((1/(cosh(x1^(-3)*x5^(3))^2)) * (3 * x1^(-3)*x5^(2))) + 0.16419018593476414*((1/x1^(3)*x2*x4^(3)*x5^(-1)) * (-1 * x1^(3)*x2*x4^(3)*x5^(-2)))
-5.650887734738874e-3 + 0.33432245817563866*(tanh(x0^(3)*x1^(3)*x2^(3)*x3^(2)*x4^(2)*x5^(-3))) + 0.4855498791508014*(id(x4)) + 1.1046723026327223*(tanh(x0*x2^(3)*x3^(3)*x4*x5^(-3))) + 0.2365734879808531*(sqrt.abs(x0^(2)*x1^(3))),0.33432245817563866*((1/(cosh(x0^(3)*x1^(3)*x2^(3)*x3^(2)*x4^(2)*x5^(-3))^2)) * (3 * x0^(2)*x1^(3)*x2^(3)*x3^(2)*x4^(2)*x5^(-3))) + 1.1046723026327223*((1/(cosh(x0*x2^(3)*x3^(3)*x4*x5^(-3))^2)) * (1 * x2^(3)*x3^(3)*x4*x5^(-3))) + 0.2365734879808531*((x0^(2)*x1^(3) / (2*abs(x0^(2)*x1^(3))^(1.5))) * (2 * x0*x1^(3))),0.33432245817563866*((1/(cosh(x0^(3)*x1^(3)*x2^(3)*x3^(2)*x4^(2)*x5^(-3))^2)) * (3 * x0^(3)*x1^(2)*x2^(3)*x3^(2)*x4^(2)*x5^(-3))) + 0.2365734879808531*((x0^(2)*x1^(3) / (2*abs(x0^(2)*x1^(3))^(1.5))) * (3 * x0^(2)*x1^(2))),0.33432245817563866*((1/(cosh(x0^(3)*x1^(3)*x2^(3)*x3^(2)*x4^(2)*x5^(-3))^2)) * (3 * x0^(3)*x1^(3)*x2^(2)*x3^(2)*x4^(2)*x5^(-3))) + 1.1046723026327223*((1/(cosh(x0*x2^(3)*x3^(3)*x4*x5^(-3))^2)) * (3 * x0*x2^(2)*x3^(3)*x4*x5^(-3))),0.33432245817563866*((1/(cosh(x0^(3)*x1^(3)*x2^(3)*x3^(2)*x4^(2)*x5^(-3))^2)) * (2 * x0^(3)*x1^(3)*x2^(3)*x3*x4^(2)*x5^(-3))) + 1.1046723026327223*((1/(cosh(x0*x2^(3)*x3^(3)*x4*x5^(-3))^2)) * (3 * x0*x2^(3)*x3^(2)*x4*x5^(-3))),0.33432245817563866*((1/(cosh(x0^(3)*x1^(3)*x2^(3)*x3^(2)*x4^(2)*x5^(-3))^2)) * (2 * x0^(3)*x1^(3)*x2^(3)*x3^(2)*x4*x5^(-3))) + 0.4855498791508014*(1) + 1.1046723026327223*((1/(cosh(x0*x2^(3)*x3^(3)*x4*x5^(-3))^2)) * (1 * x0*x2^(3)*x3^(3)*x5^(-3))),0.33432245817563866*((1/(cosh(x0^(3)*x1^(3)*x2^(3)*x3^(2)*x4^(2)*x5^(-3))^2)) * (-3 * x0^(3)*x1^(3)*x2^(3)*x3^(2)*x4^(2)*x5^(-4))) + 1.1046723026327223*((1/(cosh(x0*x2^(3)*x3^(3)*x4*x5^(-3))^2)) * (-3 * x0*x2^(3)*x3^(3)*x4*x5^(-4)))
0.2710844744787949 + 0.2194034565351777*(sqrt(x0^(3)*x1^(3))) + 1.006058195573778*(sqrt.abs(x1*x4^(3)*x5^(-2))) + 0.3674763559829083*(tanh(x0^(3)*x1^(3)*x2^(3)*x3^(2)*x5^(-3))) + 2.461729918923318e-2*(id(x1*x2*x3)),0.2194034565351777*((1/(sqrt(x0^(3)*x1^(3))^2)) * (3 * x0^(2)*x1^(3))) + 0.3674763559829083*((1/(cosh(x0^(3)*x1^(3)*x2^(3)*x3^(2)*x5^(-3))^2)) * (3 * x0^(2)*x1^(3)*x2^(3)*x3^(2)*x5^(-3))),0.2194034565351777*((1/(sqrt(x0^(3)*x1^(3))^2)) * (3 * x0^(3)*x1^(2))) + 1.006058195573778*((x1*x4^(3)*x5^(-2) / (2*abs(x1*x4^(3)*x5^(-2))^(1.5))) * (1 * x4^(3)*x5^(-2))) + 0.3674763559829083*((1/(cosh(x0^(3)*x1^(3)*x2^(3)*x3^(2)*x5^(-3))^2)) * (3 * x0^(3)*x1^(2)*x2^(3)*x3^(2)*x5^(-3))) + 2.461729918923318e-2*((1 * x2*x3)),0.3674763559829083*((1/(cosh(x0^(3)*x1^(3)*x2^(3)*x3^(2)*x5^(-3))^2)) * (3 * x0^(3)*x1^(3)*x2^(2)*x3^(2)*x5^(-3))) + 2.461729918923318e-2*((1 * x1*x3)),0.3674763559829083*((1/(cosh(x0^(3)*x1^(3)*x2^(3)*x3^(2)*x5^(-3))^2)) * (2 * x0^(3)*x1^(3)*x2^(3)*x3*x5^(-3))) + 2.461729918923318e-2*((1 * x1*x2)),1.006058195573778*((x1*x4^(3)*x5^(-2) / (2*abs(x1*x4^(3)*x5^(-2))^(1.5))) * (3 * x1*x4^(2)*x5^(-2))),1.006058195573778*((x1*x4^(3)*x5^(-2) / (2*abs(x1*x4^(3)*x5^(-2))^(1.5))) * (-2 * x1*x4^(3)*x5^(-3))) + 0.3674763559829083*((1/(cosh(x0^(3)*x1^(3)*x2^(3)*x3^(2)*x5^(-3))^2)) * (-3 * x0^(3)*x1^(3)*x2^(3)*x3^(2)*x5^(-4)))
1.2651510178513323 + 0.21171809102518624*(sqrt(x0^(3)*x1^(3))) + -0.18543038345854637*(log(x0^(-1)*x1^(-3)*x2^(-3)*x5^(2))) + 8.924863543175213e-4*(id(x1^(2)*x3)) + 0.38212475681973185*(id(x2*x3*x4^(2)*x5^(-1))),0.21171809102518624*((1/(sqrt(x0^(3)*x1^(3))^2)) * (3 * x0^(2)*x1^(3))) + -0.18543038345854637*((1/x0^(-1)*x1^(-3)*x2^(-3)*x5^(2)) * (-1 * x0^(-2)*x1^(-3)*x2^(-3)*x5^(2))),0.21171809102518624*((1/(sqrt(x0^(3)*x1^(3))^2)) * (3 * x0^(3)*x1^(2))) + -0.18543038345854637*((1/x0^(-1)*x1^(-3)*x2^(-3)*x5^(2)) * (-3 * x0^(-1)*x1^(-4)*x2^(-3)*x5^(2))) + 8.924863543175213e-4*((2 * x1*x3)),-0.18543038345854637*((1/x0^(-1)*x1^(-3)*x2^(-3)*x5^(2)) * (-3 * x0^(-1)*x1^(-3)*x2^(-4)*x5^(2))) + 0.38212475681973185*((1 * x3*x4^(2)*x5^(-1))),8.924863543175213e-4*((1 * x1^(2))) + 0.38212475681973185*((1 * x2*x4^(2)*x5^(-1))),0.38212475681973185*((2 * x2*x3*x4*x5^(-1))),-0.18543038345854637*((1/x0^(-1)*x1^(-3)*x2^(-3)*x5^(2)) * (2 * x0^(-1)*x1^(-3)*x2^(-3)*x5)) + 0.38212475681973185*((-1 * x2*x3*x4^(2)*x5^(-2)))
0.5552381545973144 + 1.1296235747281267*(tanh(x0^(2)*x1^(2)*x5^(-2))) + 1.321091093064821e-2*(id(x2*x3^(2))) + 0.15242708300539418*(sqrt(x0^(2)*x1^(3)*x4)) + -0.16047791881760576*(log(x0^(-2)*x1^(-3)*x2^(-3))),1.1296235747281267*((1/(cosh(x0^(2)*x1^(2)*x5^(-2))^2)) * (2 * x0*x1^(2)*x5^(-2))) + 0.15242708300539418*((1/(sqrt(x0^(2)*x1^(3)*x4)^2)) * (2 * x0*x1^(3)*x4)) + -0.16047791881760576*((1/x0^(-2)*x1^(-3)*x2^(-3)) * (-2 * x0^(-3)*x1^(-3)*x2^(-3))),1.1296235747281267*((1/(cosh(x0^(2)*x1^(2)*x5^(-2))^2)) * (2 * x0^(2)*x1*x5^(-2))) + 0.15242708300539418*((1/(sqrt(x0^(2)*x1^(3)*x4)^2)) * (3 * x0^(2)*x1^(2)*x4)) + -0.16047791881760576*((1/x0^(-2)*x1^(-3)*x2^(-3)) * (-3 * x0^(-2)*x1^(-4)*x2^(-3))),1.321091093064821e-2*((1 * x3^(2))) + -0.16047791881760576*((1/x0^(-2)*x1^(-3)*x2^(-3)) * (-3 * x0^(-2)*x1^(-3)*x2^(-4))),1.321091093064821e-2*((2 * x2*x3)),0.15242708300539418*((1/(sqrt(x0^(2)*x1^(3)*x4)^2)) * (1 * x0^(2)*x1^(3))),1.1296235747281267*((1/(cosh(x0^(2)*x1^(2)*x5^(-2))^2)) * (-2 * x0^(2)*x1^(2)*x5^(-3)))
9.556681026022752e-2 + 4.370500644511352e-2*(sqrt(x0*x1^(3)*x4)) + 0.18129207800879535*(sqrt(x0^(3)*x1^(3))) + 1.0339285823846038*(tanh(x0*x2^(3)*x3^(3)*x4*x5^(-3))) + 0.22098826534504476*(log(x1^(3)*x2*x4)),4.370500644511352e-2*((1/(sqrt(x0*x1^(3)*x4)^2)) * (1 * x1^(3)*x4)) + 0.18129207800879535*((1/(sqrt(x0^(3)*x1^(3))^2)) * (3 * x0^(2)*x1^(3))) + 1.0339285823846038*((1/(cosh(x0*x2^(3)*x3^(3)*x4*x5^(-3))^2)) * (1 * x2^(3)*x3^(3)*x4*x5^(-3))),4.370500644511352e-2*((1/(sqrt(x0*x1^(3)*x4)^2)) * (3 * x0*x1^(2)*x4)) + 0.18129207800879535*((1/(sqrt(x0^(3)*x1^(3))^2)) * (3 * x0^(3)*x1^(2))) + 0.22098826534504476*((1/x1^(3)*x2*x4) * (3 * x1^(2)*x2*x4)),1.0339285823846038*((1/(cosh(x0*x2^(3)*x3^(3)*x4*x5^(-3))^2)) * (3 * x0*x2^(2)*x3^(3)*x4*x5^(-3))) + 0.22098826534504476*((1/x1^(3)*x2*x4) * (1 * x1^(3)*x4)),1.0339285823846038*((1/(cosh(x0*x2^(3)*x3^(3)*x4*x5^(-3))^2)) * (3 * x0*x2^(3)*x3^(2)*x4*x5^(-3))),4.370500644511352e-2*((1/(sqrt(x0*x1^(3)*x4)^2)) * (1 * x0*x1^(3))) + 1.0339285823846038*((1/(cosh(x0*x2^(3)*x3^(3)*x4*x5^(-3))^2)) * (1 * x0*x2^(3)*x3^(3)*x5^(-3))) + 0.22098826534504476*((1/x1^(3)*x2*x4) * (1 * x1^(3)*x2)),1.0339285823846038*((1/(cosh(x0*x2^(3)*x3^(3)*x4*x5^(-3))^2)) * (-3 * x0*x2^(3)*x3^(3)*x4*x5^(-4)))
0.22513537018442278 + 0.22668914734576373*(sqrt(x0^(2)*x1^(3))) + 1.3249673596579177e-2*(id(x0*x2^(2)*x3^(2)*x4)) + -0.10207926501577862*(log(x0^(-2)*x1^(-3)*x2^(-1)*x4^(-3))) + 2.9145636181940633*(tanh(x2*x3*x4*x5^(-2))),0.22668914734576373*((1/(sqrt(x0^(2)*x1^(3))^2)) * (2 * x0*x1^(3))) + 1.3249673596579177e-2*((1 * x2^(2)*x3^(2)*x4)) + -0.10207926501577862*((1/x0^(-2)*x1^(-3)*x2^(-1)*x4^(-3)) * (-2 * x0^(-3)*x1^(-3)*x2^(-1)*x4^(-3))),0.22668914734576373*((1/(sqrt(x0^(2)*x1^(3))^2)) * (3 * x0^(2)*x1^(2))) + -0.10207926501577862*((1/x0^(-2)*x1^(-3)*x2^(-1)*x4^(-3)) * (-3 * x0^(-2)*x1^(-4)*x2^(-1)*x4^(-3))),1.3249673596579177e-2*((2 * x0*x2*x3^(2)*x4)) + -0.10207926501577862*((1/x0^(-2)*x1^(-3)*x2^(-1)*x4^(-3)) * (-1 * x0^(-2)*x1^(-3)*x2^(-2)*x4^(-3))) + 2.9145636181940633*((1/(cosh(x2*x3*x4*x5^(-2))^2)) * (1 * x3*x4*x5^(-2))),1.3249673596579177e-2*((2 * x0*x2^(2)*x3*x4)) + 2.9145636181940633*((1/(cosh(x2*x3*x4*x5^(-2))^2)) * (1 * x2*x4*x5^(-2))),1.3249673596579177e-2*((1 * x0*x2^(2)*x3^(2))) + -0.10207926501577862*((1/x0^(-2)*x1^(-3)*x2^(-1)*x4^(-3)) * (-3 * x0^(-2)*x1^(-3)*x2^(-1)*x4^(-4))) + 2.9145636181940633*((1/(cosh(x2*x3*x4*x5^(-2))^2)) * (1 * x2*x3*x5^(-2))),2.9145636181940633*((1/(cosh(x2*x3*x4*x5^(-2))^2)) * (-2 * x2*x3*x4*x5^(-3)))
-0.19355154872880792 + 0.16093417835918034*(sqrt.abs(x1^(2)*x4)) + 1.31361234346257*(tanh(x2*x3*x5^(-1))) + 0.2159881922917157*(sqrt(x0^(3)*x1^(3))) + 2.573536433005433*(tanh(x0*x2^(3)*x3^(2)*x4^(2)*x5^(-3))),0.2159881922917157*((1/(sqrt(x0^(3)*x1^(3))^2)) * (3 * x0^(2)*x1^(3))) + 2.573536433005433*((1/(cosh(x0*x2^(3)*x3^(2)*x4^(2)*x5^(-3))^2)) * (1 * x2^(3)*x3^(2)*x4^(2)*x5^(-3))),0.16093417835918034*((x1^(2)*x4 / (2*abs(x1^(2)*x4)^(1.5))) * (2 * x1*x4)) + 0.2159881922917157*((1/(sqrt(x0^(3)*x1^(3))^2)) * (3 * x0^(3)*x1^(2))),1.31361234346257*((1/(cosh(x2*x3*x5^(-1))^2)) * (1 * x3*x5^(-1))) + 2.573536433005433*((1/(cosh(x0*x2^(3)*x3^(2)*x4^(2)*x5^(-3))^2)) * (3 * x0*x2^(2)*x3^(2)*x4^(2)*x5^(-3))),1.31361234346257*((1/(cosh(x2*x3*x5^(-1))^2)) * (1 * x2*x5^(-1))) + 2.573536433005433*((1/(cosh(x0*x2^(3)*x3^(2)*x4^(2)*x5^(-3))^2)) * (2 * x0*x2^(3)*x3*x4^(2)*x5^(-3))),0.16093417835918034*((x1^(2)*x4 / (2*abs(x1^(2)*x4)^(1.5))) * (1 * x1^(2))) + 2.573536433005433*((1/(cosh(x0*x2^(3)*x3^(2)*x4^(2)*x5^(-3))^2)) * (2 * x0*x2^(3)*x3^(2)*x4*x5^(-3))),1.31361234346257*((1/(cosh(x2*x3*x5^(-1))^2)) * (-1 * x2*x3*x5^(-2))) + 2.573536433005433*((1/(cosh(x0*x2^(3)*x3^(2)*x4^(2)*x5^(-3))^2)) * (-3 * x0*x2^(3)*x3^(2)*x4^(2)*x5^(-4)))
1.4156895538243641 + 1.154972667866938*(tanh(x0*x2^(3)*x3^(3)*x5^(-3))) + -1.2656761863458899*(tanh(x1^(-2)*x2^(-1)*x4^(-1)*x5)) + 0.2081266957420949*(sqrt(x0^(3)*x1^(3))) + 2.6528393042608345e-2*(sqrt(x1^(3)*x4^(2))),1.154972667866938*((1/(cosh(x0*x2^(3)*x3^(3)*x5^(-3))^2)) * (1 * x2^(3)*x3^(3)*x5^(-3))) + 0.2081266957420949*((1/(sqrt(x0^(3)*x1^(3))^2)) * (3 * x0^(2)*x1^(3))),-1.2656761863458899*((1/(cosh(x1^(-2)*x2^(-1)*x4^(-1)*x5)^2)) * (-2 * x1^(-3)*x2^(-1)*x4^(-1)*x5)) + 0.2081266957420949*((1/(sqrt(x0^(3)*x1^(3))^2)) * (3 * x0^(3)*x1^(2))) + 2.6528393042608345e-2*((1/(sqrt(x1^(3)*x4^(2))^2)) * (3 * x1^(2)*x4^(2))),1.154972667866938*((1/(cosh(x0*x2^(3)*x3^(3)*x5^(-3))^2)) * (3 * x0*x2^(2)*x3^(3)*x5^(-3))) + -1.2656761863458899*((1/(cosh(x1^(-2)*x2^(-1)*x4^(-1)*x5)^2)) * (-1 * x1^(-2)*x2^(-2)*x4^(-1)*x5)),1.154972667866938*((1/(cosh(x0*x2^(3)*x3^(3)*x5^(-3))^2)) * (3 * x0*x2^(3)*x3^(2)*x5^(-3))),-1.2656761863458899*((1/(cosh(x1^(-2)*x2^(-1)*x4^(-1)*x5)^2)) * (-1 * x1^(-2)*x2^(-1)*x4^(-2)*x5)) + 2.6528393042608345e-2*((1/(sqrt(x1^(3)*x4^(2))^2)) * (2 * x1^(3)*x4)),1.154972667866938*((1/(cosh(x0*x2^(3)*x3^(3)*x5^(-3))^2)) * (-3 * x0*x2^(3)*x3^(3)*x5^(-4))) + -1.2656761863458899*((1/(cosh(x1^(-2)*x2^(-1)*x4^(-1)*x5)^2)) * (1 * x1^(-2)*x2^(-1)*x4^(-1)))
1.6416832361887006 + 0.23079538214546058*(tanh(x0^(3)*x1^(3)*x2^(2)*x3*x4^(3)*x5^(-3))) + 0.23922526850061707*(log(x1^(3)*x2^(2)*x5^(-3))) + 9.337479975916414e-4*(id(x1*x2*x3^(2)*x4^(2))) + 0.21713895163274277*(sqrt(x0^(3)*x1^(3))),0.23079538214546058*((1/(cosh(x0^(3)*x1^(3)*x2^(2)*x3*x4^(3)*x5^(-3))^2)) * (3 * x0^(2)*x1^(3)*x2^(2)*x3*x4^(3)*x5^(-3))) + 0.21713895163274277*((1/(sqrt(x0^(3)*x1^(3))^2)) * (3 * x0^(2)*x1^(3))),0.23079538214546058*((1/(cosh(x0^(3)*x1^(3)*x2^(2)*x3*x4^(3)*x5^(-3))^2)) * (3 * x0^(3)*x1^(2)*x2^(2)*x3*x4^(3)*x5^(-3))) + 0.23922526850061707*((1/x1^(3)*x2^(2)*x5^(-3)) * (3 * x1^(2)*x2^(2)*x5^(-3))) + 9.337479975916414e-4*((1 * x2*x3^(2)*x4^(2))) + 0.21713895163274277*((1/(sqrt(x0^(3)*x1^(3))^2)) * (3 * x0^(3)*x1^(2))),0.23079538214546058*((1/(cosh(x0^(3)*x1^(3)*x2^(2)*x3*x4^(3)*x5^(-3))^2)) * (2 * x0^(3)*x1^(3)*x2*x3*x4^(3)*x5^(-3))) + 0.23922526850061707*((1/x1^(3)*x2^(2)*x5^(-3)) * (2 * x1^(3)*x2*x5^(-3))) + 9.337479975916414e-4*((1 * x1*x3^(2)*x4^(2))),0.23079538214546058*((1/(cosh(x0^(3)*x1^(3)*x2^(2)*x3*x4^(3)*x5^(-3))^2)) * (1 * x0^(3)*x1^(3)*x2^(2)*x4^(3)*x5^(-3))) + 9.337479975916414e-4*((2 * x1*x2*x3*x4^(2))),0.23079538214546058*((1/(cosh(x0^(3)*x1^(3)*x2^(2)*x3*x4^(3)*x5^(-3))^2)) * (3 * x0^(3)*x1^(3)*x2^(2)*x3*x4^(2)*x5^(-3))) + 9.337479975916414e-4*((2 * x1*x2*x3^(2)*x4)),0.23079538214546058*((1/(cosh(x0^(3)*x1^(3)*x2^(2)*x3*x4^(3)*x5^(-3))^2)) * (-3 * x0^(3)*x1^(3)*x2^(2)*x3*x4^(3)*x5^(-4))) + 0.23922526850061707*((1/x1^(3)*x2^(2)*x5^(-3)) * (-3 * x1^(3)*x2^(2)*x5^(-4)))
0.9092657014588581 + 7.370793397361746e-3*(id(x2^(3)*x3^(3)*x4*x5^(-1))) + 9.708735067421814e-2*(log(x0^(3)*x1^(3)*x2^(2)*x4^(3)*x5^(-2))) + 0.44719743005700513*(tanh(x0*x2^(2)*x3^(3)*x4^(3)*x5^(-3))) + 0.22779897240647154*(sqrt(x0^(2)*x1^(3))),9.708735067421814e-2*((1/x0^(3)*x1^(3)*x2^(2)*x4^(3)*x5^(-2)) * (3 * x0^(2)*x1^(3)*x2^(2)*x4^(3)*x5^(-2))) + 0.44719743005700513*((1/(cosh(x0*x2^(2)*x3^(3)*x4^(3)*x5^(-3))^2)) * (1 * x2^(2)*x3^(3)*x4^(3)*x5^(-3))) + 0.22779897240647154*((1/(sqrt(x0^(2)*x1^(3))^2)) * (2 * x0*x1^(3))),9.708735067421814e-2*((1/x0^(3)*x1^(3)*x2^(2)*x4^(3)*x5^(-2)) * (3 * x0^(3)*x1^(2)*x2^(2)*x4^(3)*x5^(-2))) + 0.22779897240647154*((1/(sqrt(x0^(2)*x1^(3))^2)) * (3 * x0^(2)*x1^(2))),7.370793397361746e-3*((3 * x2^(2)*x3^(3)*x4*x5^(-1))) + 9.708735067421814e-2*((1/x0^(3)*x1^(3)*x2^(2)*x4^(3)*x5^(-2)) * (2 * x0^(3)*x1^(3)*x2*x4^(3)*x5^(-2))) + 0.44719743005700513*((1/(cosh(x0*x2^(2)*x3^(3)*x4^(3)*x5^(-3))^2)) * (2 * x0*x2*x3^(3)*x4^(3)*x5^(-3))),7.370793397361746e-3*((3 * x2^(3)*x3^(2)*x4*x5^(-1))) + 0.44719743005700513*((1/(cosh(x0*x2^(2)*x3^(3)*x4^(3)*x5^(-3))^2)) * (3 * x0*x2^(2)*x3^(2)*x4^(3)*x5^(-3))),7.370793397361746e-3*((1 * x2^(3)*x3^(3)*x5^(-1))) + 9.708735067421814e-2*((1/x0^(3)*x1^(3)*x2^(2)*x4^(3)*x5^(-2)) * (3 * x0^(3)*x1^(3)*x2^(2)*x4^(2)*x5^(-2))) + 0.44719743005700513*((1/(cosh(x0*x2^(2)*x3^(3)*x4^(3)*x5^(-3))^2)) * (3 * x0*x2^(2)*x3^(3)*x4^(2)*x5^(-3))),7.370793397361746e-3*((-1 * x2^(3)*x3^(3)*x4*x5^(-2))) + 9.708735067421814e-2*((1/x0^(3)*x1^(3)*x2^(2)*x4^(3)*x5^(-2)) * (-2 * x0^(3)*x1^(3)*x2^(2)*x4^(3)*x5^(-3))) + 0.44719743005700513*((1/(cosh(x0*x2^(2)*x3^(3)*x4^(3)*x5^(-3))^2)) * (-3 * x0*x2^(2)*x3^(3)*x4^(3)*x5^(-4)))
0.5440974616981018 + 0.27048274960270063*(tanh(x0*x2^(2)*x3^(3)*x4^(3)*x5^(-3))) + 0.2422334553053007*(sqrt(x0^(2)*x1^(3))) + 2.805024006178827*(tanh(x2^(2)*x3*x4^(2)*x5^(-2))) + 7.574272931587862e-3*(id(x0*x2*x3^(2))),0.27048274960270063*((1/(cosh(x0*x2^(2)*x3^(3)*x4^(3)*x5^(-3))^2)) * (1 * x2^(2)*x3^(3)*x4^(3)*x5^(-3))) + 0.2422334553053007*((1/(sqrt(x0^(2)*x1^(3))^2)) * (2 * x0*x1^(3))) + 7.574272931587862e-3*((1 * x2*x3^(2))),0.2422334553053007*((1/(sqrt(x0^(2)*x1^(3))^2)) * (3 * x0^(2)*x1^(2))),0.27048274960270063*((1/(cosh(x0*x2^(2)*x3^(3)*x4^(3)*x5^(-3))^2)) * (2 * x0*x2*x3^(3)*x4^(3)*x5^(-3))) + 2.805024006178827*((1/(cosh(x2^(2)*x3*x4^(2)*x5^(-2))^2)) * (2 * x2*x3*x4^(2)*x5^(-2))) + 7.574272931587862e-3*((1 * x0*x3^(2))),0.27048274960270063*((1/(cosh(x0*x2^(2)*x3^(3)*x4^(3)*x5^(-3))^2)) * (3 * x0*x2^(2)*x3^(2)*x4^(3)*x5^(-3))) + 2.805024006178827*((1/(cosh(x2^(2)*x3*x4^(2)*x5^(-2))^2)) * (1 * x2^(2)*x4^(2)*x5^(-2))) + 7.574272931587862e-3*((2 * x0*x2*x3)),0.27048274960270063*((1/(cosh(x0*x2^(2)*x3^(3)*x4^(3)*x5^(-3))^2)) * (3 * x0*x2^(2)*x3^(3)*x4^(2)*x5^(-3))) + 2.805024006178827*((1/(cosh(x2^(2)*x3*x4^(2)*x5^(-2))^2)) * (2 * x2^(2)*x3*x4*x5^(-2))),0.27048274960270063*((1/(cosh(x0*x2^(2)*x3^(3)*x4^(3)*x5^(-3))^2)) * (-3 * x0*x2^(2)*x3^(3)*x4^(3)*x5^(-4))) + 2.805024006178827*((1/(cosh(x2^(2)*x3*x4^(2)*x5^(-2))^2)) * (-2 * x2^(2)*x3*x4^(2)*x5^(-3)))
0.6561501783431214 + -0.2605033689254068*(tanh(x0^(-1)*x1^(-3)*x2^(-1)*x4^(-2)*x5^(2))) + 0.8251691942052752*(tanh(x0*x2^(2)*x3^(2)*x5^(-2))) + 0.23507027045076573*(sqrt.abs(x0^(2)*x1^(3))) + 0.35769340824771334*(id(x2*x3*x4^(2)*x5^(-1))),-0.2605033689254068*((1/(cosh(x0^(-1)*x1^(-3)*x2^(-1)*x4^(-2)*x5^(2))^2)) * (-1 * x0^(-2)*x1^(-3)*x2^(-1)*x4^(-2)*x5^(2))) + 0.8251691942052752*((1/(cosh(x0*x2^(2)*x3^(2)*x5^(-2))^2)) * (1 * x2^(2)*x3^(2)*x5^(-2))) + 0.23507027045076573*((x0^(2)*x1^(3) / (2*abs(x0^(2)*x1^(3))^(1.5))) * (2 * x0*x1^(3))),-0.2605033689254068*((1/(cosh(x0^(-1)*x1^(-3)*x2^(-1)*x4^(-2)*x5^(2))^2)) * (-3 * x0^(-1)*x1^(-4)*x2^(-1)*x4^(-2)*x5^(2))) + 0.23507027045076573*((x0^(2)*x1^(3) / (2*abs(x0^(2)*x1^(3))^(1.5))) * (3 * x0^(2)*x1^(2))),-0.2605033689254068*((1/(cosh(x0^(-1)*x1^(-3)*x2^(-1)*x4^(-2)*x5^(2))^2)) * (-1 * x0^(-1)*x1^(-3)*x2^(-2)*x4^(-2)*x5^(2))) + 0.8251691942052752*((1/(cosh(x0*x2^(2)*x3^(2)*x5^(-2))^2)) * (2 * x0*x2*x3^(2)*x5^(-2))) + 0.35769340824771334*((1 * x3*x4^(2)*x5^(-1))),0.8251691942052752*((1/(cosh(x0*x2^(2)*x3^(2)*x5^(-2))^2)) * (2 * x0*x2^(2)*x3*x5^(-2))) + 0.35769340824771334*((1 * x2*x4^(2)*x5^(-1))),-0.2605033689254068*((1/(cosh(x0^(-1)*x1^(-3)*x2^(-1)*x4^(-2)*x5^(2))^2)) * (-2 * x0^(-1)*x1^(-3)*x2^(-1)*x4^(-3)*x5^(2))) + 0.35769340824771334*((2 * x2*x3*x4*x5^(-1))),-0.2605033689254068*((1/(cosh(x0^(-1)*x1^(-3)*x2^(-1)*x4^(-2)*x5^(2))^2)) * (2 * x0^(-1)*x1^(-3)*x2^(-1)*x4^(-2)*x5)) + 0.8251691942052752*((1/(cosh(x0*x2^(2)*x3^(2)*x5^(-2))^2)) * (-2 * x0*x2^(2)*x3^(2)*x5^(-3))) + 0.35769340824771334*((-1 * x2*x3*x4^(2)*x5^(-2)))
0.4846654696308852 + -0.39290713861914317*(tanh(x0^(-1)*x1^(-3)*x5^(2))) + 7.970371267813098e-2*(id(x0^(2)*x2*x3*x4)) + 0.8254861867664889*(id(x2*x3*x4*x5^(-1))) + 0.23083874044654162*(sqrt.abs(x0^(2)*x1^(3))),-0.39290713861914317*((1/(cosh(x0^(-1)*x1^(-3)*x5^(2))^2)) * (-1 * x0^(-2)*x1^(-3)*x5^(2))) + 7.970371267813098e-2*((2 * x0*x2*x3*x4)) + 0.23083874044654162*((x0^(2)*x1^(3) / (2*abs(x0^(2)*x1^(3))^(1.5))) * (2 * x0*x1^(3))),-0.39290713861914317*((1/(cosh(x0^(-1)*x1^(-3)*x5^(2))^2)) * (-3 * x0^(-1)*x1^(-4)*x5^(2))) + 0.23083874044654162*((x0^(2)*x1^(3) / (2*abs(x0^(2)*x1^(3))^(1.5))) * (3 * x0^(2)*x1^(2))),7.970371267813098e-2*((1 * x0^(2)*x3*x4)) + 0.8254861867664889*((1 * x3*x4*x5^(-1))),7.970371267813098e-2*((1 * x0^(2)*x2*x4)) + 0.8254861867664889*((1 * x2*x4*x5^(-1))),7.970371267813098e-2*((1 * x0^(2)*x2*x3)) + 0.8254861867664889*((1 * x2*x3*x5^(-1))),-0.39290713861914317*((1/(cosh(x0^(-1)*x1^(-3)*x5^(2))^2)) * (2 * x0^(-1)*x1^(-3)*x5)) + 0.8254861867664889*((-1 * x2*x3*x4*x5^(-2)))
0.43726896595415105 + 6.0400459666126935e-2*(id(x2*x3^(2)*x4*x5^(-1))) + 0.3664914518738829*(tanh(x0^(2)*x1^(2)*x2^(2)*x3*x4^(2)*x5^(-2))) + 0.6833121598675884*(sqrt(x0^(3)*x1^(2)*x2^(3)*x4^(3)*x5^(-2))) + 0.2217562682106496*(sqrt.abs(x0^(2)*x1^(3))),0.3664914518738829*((1/(cosh(x0^(2)*x1^(2)*x2^(2)*x3*x4^(2)*x5^(-2))^2)) * (2 * x0*x1^(2)*x2^(2)*x3*x4^(2)*x5^(-2))) + 0.6833121598675884*((1/(sqrt(x0^(3)*x1^(2)*x2^(3)*x4^(3)*x5^(-2))^2)) * (3 * x0^(2)*x1^(2)*x2^(3)*x4^(3)*x5^(-2))) + 0.2217562682106496*((x0^(2)*x1^(3) / (2*abs(x0^(2)*x1^(3))^(1.5))) * (2 * x0*x1^(3))),0.3664914518738829*((1/(cosh(x0^(2)*x1^(2)*x2^(2)*x3*x4^(2)*x5^(-2))^2)) * (2 * x0^(2)*x1*x2^(2)*x3*x4^(2)*x5^(-2))) + 0.6833121598675884*((1/(sqrt(x0^(3)*x1^(2)*x2^(3)*x4^(3)*x5^(-2))^2)) * (2 * x0^(3)*x1*x2^(3)*x4^(3)*x5^(-2))) + 0.2217562682106496*((x0^(2)*x1^(3) / (2*abs(x0^(2)*x1^(3))^(1.5))) * (3 * x0^(2)*x1^(2))),6.0400459666126935e-2*((1 * x3^(2)*x4*x5^(-1))) + 0.3664914518738829*((1/(cosh(x0^(2)*x1^(2)*x2^(2)*x3*x4^(2)*x5^(-2))^2)) * (2 * x0^(2)*x1^(2)*x2*x3*x4^(2)*x5^(-2))) + 0.6833121598675884*((1/(sqrt(x0^(3)*x1^(2)*x2^(3)*x4^(3)*x5^(-2))^2)) * (3 * x0^(3)*x1^(2)*x2^(2)*x4^(3)*x5^(-2))),6.0400459666126935e-2*((2 * x2*x3*x4*x5^(-1))) + 0.3664914518738829*((1/(cosh(x0^(2)*x1^(2)*x2^(2)*x3*x4^(2)*x5^(-2))^2)) * (1 * x0^(2)*x1^(2)*x2^(2)*x4^(2)*x5^(-2))),6.0400459666126935e-2*((1 * x2*x3^(2)*x5^(-1))) + 0.3664914518738829*((1/(cosh(x0^(2)*x1^(2)*x2^(2)*x3*x4^(2)*x5^(-2))^2)) * (2 * x0^(2)*x1^(2)*x2^(2)*x3*x4*x5^(-2))) + 0.6833121598675884*((1/(sqrt(x0^(3)*x1^(2)*x2^(3)*x4^(3)*x5^(-2))^2)) * (3 * x0^(3)*x1^(2)*x2^(3)*x4^(2)*x5^(-2))),6.0400459666126935e-2*((-1 * x2*x3^(2)*x4*x5^(-2))) + 0.3664914518738829*((1/(cosh(x0^(2)*x1^(2)*x2^(2)*x3*x4^(2)*x5^(-2))^2)) * (-2 * x0^(2)*x1^(2)*x2^(2)*x3*x4^(2)*x5^(-3))) + 0.6833121598675884*((1/(sqrt(x0^(3)*x1^(2)*x2^(3)*x4^(3)*x5^(-2))^2)) * (-2 * x0^(3)*x1^(2)*x2^(3)*x4^(3)*x5^(-3)))
0.39938205971330204 + 2.0366272900480857*(tanh(x2^(2)*x3^(2)*x4*x5^(-3))) + -0.10959844234517797*(log(x0^(-1)*x1^(-3)*x2^(-1)*x4^(-3)*x5)) + 0.22415918432726586*(sqrt.abs(x0^(2)*x1^(3))) + 0.11044490695671788*(id(x0*x2*x3*x4)),-0.10959844234517797*((1/x0^(-1)*x1^(-3)*x2^(-1)*x4^(-3)*x5) * (-1 * x0^(-2)*x1^(-3)*x2^(-1)*x4^(-3)*x5)) + 0.22415918432726586*((x0^(2)*x1^(3) / (2*abs(x0^(2)*x1^(3))^(1.5))) * (2 * x0*x1^(3))) + 0.11044490695671788*((1 * x2*x3*x4)),-0.10959844234517797*((1/x0^(-1)*x1^(-3)*x2^(-1)*x4^(-3)*x5) * (-3 * x0^(-1)*x1^(-4)*x2^(-1)*x4^(-3)*x5)) + 0.22415918432726586*((x0^(2)*x1^(3) / (2*abs(x0^(2)*x1^(3))^(1.5))) * (3 * x0^(2)*x1^(2))),2.0366272900480857*((1/(cosh(x2^(2)*x3^(2)*x4*x5^(-3))^2)) * (2 * x2*x3^(2)*x4*x5^(-3))) + -0.10959844234517797*((1/x0^(-1)*x1^(-3)*x2^(-1)*x4^(-3)*x5) * (-1 * x0^(-1)*x1^(-3)*x2^(-2)*x4^(-3)*x5)) + 0.11044490695671788*((1 * x0*x3*x4)),2.0366272900480857*((1/(cosh(x2^(2)*x3^(2)*x4*x5^(-3))^2)) * (2 * x2^(2)*x3*x4*x5^(-3))) + 0.11044490695671788*((1 * x0*x2*x4)),2.0366272900480857*((1/(cosh(x2^(2)*x3^(2)*x4*x5^(-3))^2)) * (1 * x2^(2)*x3^(2)*x5^(-3))) + -0.10959844234517797*((1/x0^(-1)*x1^(-3)*x2^(-1)*x4^(-3)*x5) * (-3 * x0^(-1)*x1^(-3)*x2^(-1)*x4^(-4)*x5)) + 0.11044490695671788*((1 * x0*x2*x3)),2.0366272900480857*((1/(cosh(x2^(2)*x3^(2)*x4*x5^(-3))^2)) * (-3 * x2^(2)*x3^(2)*x4*x5^(-4))) + -0.10959844234517797*((1/x0^(-1)*x1^(-3)*x2^(-1)*x4^(-3)*x5) * (1 * x0^(-1)*x1^(-3)*x2^(-1)*x4^(-3)))
0.36074409251872225 + 0.40241574992766455*(tanh(x2^(3)*x3^(3)*x4^(3)*x5^(-3))) + 0.24301531525214404*(sqrt(x0^(2)*x1^(3))) + 0.41199203585107047*(tanh(x0^(2)*x2*x3^(2)*x4^(2)*x5^(-1))) + 2.582279184789094*(tanh(x0*x2^(3)*x3^(2)*x4^(3)*x5^(-3))),0.24301531525214404*((1/(sqrt(x0^(2)*x1^(3))^2)) * (2 * x0*x1^(3))) + 0.41199203585107047*((1/(cosh(x0^(2)*x2*x3^(2)*x4^(2)*x5^(-1))^2)) * (2 * x0*x2*x3^(2)*x4^(2)*x5^(-1))) + 2.582279184789094*((1/(cosh(x0*x2^(3)*x3^(2)*x4^(3)*x5^(-3))^2)) * (1 * x2^(3)*x3^(2)*x4^(3)*x5^(-3))),0.24301531525214404*((1/(sqrt(x0^(2)*x1^(3))^2)) * (3 * x0^(2)*x1^(2))),0.40241574992766455*((1/(cosh(x2^(3)*x3^(3)*x4^(3)*x5^(-3))^2)) * (3 * x2^(2)*x3^(3)*x4^(3)*x5^(-3))) + 0.41199203585107047*((1/(cosh(x0^(2)*x2*x3^(2)*x4^(2)*x5^(-1))^2)) * (1 * x0^(2)*x3^(2)*x4^(2)*x5^(-1))) + 2.582279184789094*((1/(cosh(x0*x2^(3)*x3^(2)*x4^(3)*x5^(-3))^2)) * (3 * x0*x2^(2)*x3^(2)*x4^(3)*x5^(-3))),0.40241574992766455*((1/(cosh(x2^(3)*x3^(3)*x4^(3)*x5^(-3))^2)) * (3 * x2^(3)*x3^(2)*x4^(3)*x5^(-3))) + 0.41199203585107047*((1/(cosh(x0^(2)*x2*x3^(2)*x4^(2)*x5^(-1))^2)) * (2 * x0^(2)*x2*x3*x4^(2)*x5^(-1))) + 2.582279184789094*((1/(cosh(x0*x2^(3)*x3^(2)*x4^(3)*x5^(-3))^2)) * (2 * x0*x2^(3)*x3*x4^(3)*x5^(-3))),0.40241574992766455*((1/(cosh(x2^(3)*x3^(3)*x4^(3)*x5^(-3))^2)) * (3 * x2^(3)*x3^(3)*x4^(2)*x5^(-3))) + 0.41199203585107047*((1/(cosh(x0^(2)*x2*x3^(2)*x4^(2)*x5^(-1))^2)) * (2 * x0^(2)*x2*x3^(2)*x4*x5^(-1))) + 2.582279184789094*((1/(cosh(x0*x2^(3)*x3^(2)*x4^(3)*x5^(-3))^2)) * (3 * x0*x2^(3)*x3^(2)*x4^(2)*x5^(-3))),0.40241574992766455*((1/(cosh(x2^(3)*x3^(3)*x4^(3)*x5^(-3))^2)) * (-3 * x2^(3)*x3^(3)*x4^(3)*x5^(-4))) + 0.41199203585107047*((1/(cosh(x0^(2)*x2*x3^(2)*x4^(2)*x5^(-1))^2)) * (-1 * x0^(2)*x2*x3^(2)*x4^(2)*x5^(-2))) + 2.582279184789094*((1/(cosh(x0*x2^(3)*x3^(2)*x4^(3)*x5^(-3))^2)) * (-3 * x0*x2^(3)*x3^(2)*x4^(3)*x5^(-4)))
0.5360022755578653 + 1.0703104949458209*(tanh(x0*x2^(3)*x3^(2)*x4^(2)*x5^(-2))) + 0.23696950639964162*(sqrt(x0^(2)*x1^(3))) + 0.30501117748245654*(tanh(x3^(2)*x4^(3)*x5^(-3))) + 0.2853750333994228*(tanh(x0*x1^(2)*x2^(3)*x3^(2)*x4*x5^(-3))),1.0703104949458209*((1/(cosh(x0*x2^(3)*x3^(2)*x4^(2)*x5^(-2))^2)) * (1 * x2^(3)*x3^(2)*x4^(2)*x5^(-2))) + 0.23696950639964162*((1/(sqrt(x0^(2)*x1^(3))^2)) * (2 * x0*x1^(3))) + 0.2853750333994228*((1/(cosh(x0*x1^(2)*x2^(3)*x3^(2)*x4*x5^(-3))^2)) * (1 * x1^(2)*x2^(3)*x3^(2)*x4*x5^(-3))),0.23696950639964162*((1/(sqrt(x0^(2)*x1^(3))^2)) * (3 * x0^(2)*x1^(2))) + 0.2853750333994228*((1/(cosh(x0*x1^(2)*x2^(3)*x3^(2)*x4*x5^(-3))^2)) * (2 * x0*x1*x2^(3)*x3^(2)*x4*x5^(-3))),1.0703104949458209*((1/(cosh(x0*x2^(3)*x3^(2)*x4^(2)*x5^(-2))^2)) * (3 * x0*x2^(2)*x3^(2)*x4^(2)*x5^(-2))) + 0.2853750333994228*((1/(cosh(x0*x1^(2)*x2^(3)*x3^(2)*x4*x5^(-3))^2)) * (3 * x0*x1^(2)*x2^(2)*x3^(2)*x4*x5^(-3))),1.0703104949458209*((1/(cosh(x0*x2^(3)*x3^(2)*x4^(2)*x5^(-2))^2)) * (2 * x0*x2^(3)*x3*x4^(2)*x5^(-2))) + 0.30501117748245654*((1/(cosh(x3^(2)*x4^(3)*x5^(-3))^2)) * (2 * x3*x4^(3)*x5^(-3))) + 0.2853750333994228*((1/(cosh(x0*x1^(2)*x2^(3)*x3^(2)*x4*x5^(-3))^2)) * (2 * x0*x1^(2)*x2^(3)*x3*x4*x5^(-3))),1.0703104949458209*((1/(cosh(x0*x2^(3)*x3^(2)*x4^(2)*x5^(-2))^2)) * (2 * x0*x2^(3)*x3^(2)*x4*x5^(-2))) + 0.30501117748245654*((1/(cosh(x3^(2)*x4^(3)*x5^(-3))^2)) * (3 * x3^(2)*x4^(2)*x5^(-3))) + 0.2853750333994228*((1/(cosh(x0*x1^(2)*x2^(3)*x3^(2)*x4*x5^(-3))^2)) * (1 * x0*x1^(2)*x2^(3)*x3^(2)*x5^(-3))),1.0703104949458209*((1/(cosh(x0*x2^(3)*x3^(2)*x4^(2)*x5^(-2))^2)) * (-2 * x0*x2^(3)*x3^(2)*x4^(2)*x5^(-3))) + 0.30501117748245654*((1/(cosh(x3^(2)*x4^(3)*x5^(-3))^2)) * (-3 * x3^(2)*x4^(3)*x5^(-4))) + 0.2853750333994228*((1/(cosh(x0*x1^(2)*x2^(3)*x3^(2)*x4*x5^(-3))^2)) * (-3 * x0*x1^(2)*x2^(3)*x3^(2)*x4*x5^(-4)))
-0.5009100506303082 + 0.22983741822857875*(sqrt(x0^(2)*x1^(2))) + 0.8021194837227666*(sqrt(x4^(2))) + 0.9890343837370617*(tanh(x2^(3)*x3^(3)*x5^(-3))) + 0.18362109827542766*(sqrt(x0^(2)*x1^(3))),0.22983741822857875*((1/(sqrt(x0^(2)*x1^(2))^2)) * (2 * x0*x1^(2))) + 0.18362109827542766*((1/(sqrt(x0^(2)*x1^(3))^2)) * (2 * x0*x1^(3))),0.22983741822857875*((1/(sqrt(x0^(2)*x1^(2))^2)) * (2 * x0^(2)*x1)) + 0.18362109827542766*((1/(sqrt(x0^(2)*x1^(3))^2)) * (3 * x0^(2)*x1^(2))),0.9890343837370617*((1/(cosh(x2^(3)*x3^(3)*x5^(-3))^2)) * (3 * x2^(2)*x3^(3)*x5^(-3))),0.9890343837370617*((1/(cosh(x2^(3)*x3^(3)*x5^(-3))^2)) * (3 * x2^(3)*x3^(2)*x5^(-3))),0.8021194837227666*((1/(sqrt(x4^(2))^2)) * (2 * x4)),0.9890343837370617*((1/(cosh(x2^(3)*x3^(3)*x5^(-3))^2)) * (-3 * x2^(3)*x3^(3)*x5^(-4)))
0.5554767501711351 + 6.292578004808044e-2*(id(x0*x1^(2))) + 0.4307765630293429*(tanh(x1^(3)*x5^(-3))) + 1.1405430299242978*(sqrt.abs(x0*x2^(2)*x4^(3))) + 0.8773661777277202*(tanh(x0^(2)*x2*x3^(3)*x5^(-3))),6.292578004808044e-2*((1 * x1^(2))) + 1.1405430299242978*((x0*x2^(2)*x4^(3) / (2*abs(x0*x2^(2)*x4^(3))^(1.5))) * (1 * x2^(2)*x4^(3))) + 0.8773661777277202*((1/(cosh(x0^(2)*x2*x3^(3)*x5^(-3))^2)) * (2 * x0*x2*x3^(3)*x5^(-3))),6.292578004808044e-2*((2 * x0*x1)) + 0.4307765630293429*((1/(cosh(x1^(3)*x5^(-3))^2)) * (3 * x1^(2)*x5^(-3))),1.1405430299242978*((x0*x2^(2)*x4^(3) / (2*abs(x0*x2^(2)*x4^(3))^(1.5))) * (2 * x0*x2*x4^(3))) + 0.8773661777277202*((1/(cosh(x0^(2)*x2*x3^(3)*x5^(-3))^2)) * (1 * x0^(2)*x3^(3)*x5^(-3))),0.8773661777277202*((1/(cosh(x0^(2)*x2*x3^(3)*x5^(-3))^2)) * (3 * x0^(2)*x2*x3^(2)*x5^(-3))),1.1405430299242978*((x0*x2^(2)*x4^(3) / (2*abs(x0*x2^(2)*x4^(3))^(1.5))) * (3 * x0*x2^(2)*x4^(2))),0.4307765630293429*((1/(cosh(x1^(3)*x5^(-3))^2)) * (-3 * x1^(3)*x5^(-4))) + 0.8773661777277202*((1/(cosh(x0^(2)*x2*x3^(3)*x5^(-3))^2)) * (-3 * x0^(2)*x2*x3^(3)*x5^(-4)))
3.740841048268051e-2 + 0.12549957847160875*(id(x0*x2*x3^(2)*x5^(-1))) + 0.2296055683384751*(sqrt(x0^(2)*x1^(3))) + 0.35229068032984856*(tanh(x1^(3)*x5^(-3))) + 1.7383605859730513*(sqrt.abs(x2^(2)*x4^(3)*x5^(-1))),0.12549957847160875*((1 * x2*x3^(2)*x5^(-1))) + 0.2296055683384751*((1/(sqrt(x0^(2)*x1^(3))^2)) * (2 * x0*x1^(3))),0.2296055683384751*((1/(sqrt(x0^(2)*x1^(3))^2)) * (3 * x0^(2)*x1^(2))) + 0.35229068032984856*((1/(cosh(x1^(3)*x5^(-3))^2)) * (3 * x1^(2)*x5^(-3))),0.12549957847160875*((1 * x0*x3^(2)*x5^(-1))) + 1.7383605859730513*((x2^(2)*x4^(3)*x5^(-1) / (2*abs(x2^(2)*x4^(3)*x5^(-1))^(1.5))) * (2 * x2*x4^(3)*x5^(-1))),0.12549957847160875*((2 * x0*x2*x3*x5^(-1))),1.7383605859730513*((x2^(2)*x4^(3)*x5^(-1) / (2*abs(x2^(2)*x4^(3)*x5^(-1))^(1.5))) * (3 * x2^(2)*x4^(2)*x5^(-1))),0.12549957847160875*((-1 * x0*x2*x3^(2)*x5^(-2))) + 0.35229068032984856*((1/(cosh(x1^(3)*x5^(-3))^2)) * (-3 * x1^(3)*x5^(-4))) + 1.7383605859730513*((x2^(2)*x4^(3)*x5^(-1) / (2*abs(x2^(2)*x4^(3)*x5^(-1))^(1.5))) * (-1 * x2^(2)*x4^(3)*x5^(-2)))
-0.49579866772887404 + 0.4264664940185208*(sqrt(x0*x1^(2))) + 0.13744583155320486*(sqrt(x0^(3)*x1^(3))) + 6.186698521918915e-3*(id(x0^(3)*x1*x2^(3)*x3*x4)) + 0.9569664574866529*(id(x2*x3*x4*x5^(-1))),0.4264664940185208*((1/(sqrt(x0*x1^(2))^2)) * (1 * x1^(2))) + 0.13744583155320486*((1/(sqrt(x0^(3)*x1^(3))^2)) * (3 * x0^(2)*x1^(3))) + 6.186698521918915e-3*((3 * x0^(2)*x1*x2^(3)*x3*x4)),0.4264664940185208*((1/(sqrt(x0*x1^(2))^2)) * (2 * x0*x1)) + 0.13744583155320486*((1/(sqrt(x0^(3)*x1^(3))^2)) * (3 * x0^(3)*x1^(2))) + 6.186698521918915e-3*((1 * x0^(3)*x2^(3)*x3*x4)),6.186698521918915e-3*((3 * x0^(3)*x1*x2^(2)*x3*x4)) + 0.9569664574866529*((1 * x3*x4*x5^(-1))),6.186698521918915e-3*((1 * x0^(3)*x1*x2^(3)*x4)) + 0.9569664574866529*((1 * x2*x4*x5^(-1))),6.186698521918915e-3*((1 * x0^(3)*x1*x2^(3)*x3)) + 0.9569664574866529*((1 * x2*x3*x5^(-1))),0.9569664574866529*((-1 * x2*x3*x4*x5^(-2)))
0.24589485150001963 + 2.2789673469864367*(tanh(x0*x2^(3)*x3^(2)*x4^(2)*x5^(-3))) + 1.130345388664921e-2*(id(x1*x3)) + 1.5456357815808257*(tanh(x1*x2*x4*x5^(-1))) + 0.21657681332960485*(sqrt.abs(x0^(3)*x1^(3))),2.2789673469864367*((1/(cosh(x0*x2^(3)*x3^(2)*x4^(2)*x5^(-3))^2)) * (1 * x2^(3)*x3^(2)*x4^(2)*x5^(-3))) + 0.21657681332960485*((x0^(3)*x1^(3) / (2*abs(x0^(3)*x1^(3))^(1.5))) * (3 * x0^(2)*x1^(3))),1.130345388664921e-2*((1 * x3)) + 1.5456357815808257*((1/(cosh(x1*x2*x4*x5^(-1))^2)) * (1 * x2*x4*x5^(-1))) + 0.21657681332960485*((x0^(3)*x1^(3) / (2*abs(x0^(3)*x1^(3))^(1.5))) * (3 * x0^(3)*x1^(2))),2.2789673469864367*((1/(cosh(x0*x2^(3)*x3^(2)*x4^(2)*x5^(-3))^2)) * (3 * x0*x2^(2)*x3^(2)*x4^(2)*x5^(-3))) + 1.5456357815808257*((1/(cosh(x1*x2*x4*x5^(-1))^2)) * (1 * x1*x4*x5^(-1))),2.2789673469864367*((1/(cosh(x0*x2^(3)*x3^(2)*x4^(2)*x5^(-3))^2)) * (2 * x0*x2^(3)*x3*x4^(2)*x5^(-3))) + 1.130345388664921e-2*((1 * x1)),2.2789673469864367*((1/(cosh(x0*x2^(3)*x3^(2)*x4^(2)*x5^(-3))^2)) * (2 * x0*x2^(3)*x3^(2)*x4*x5^(-3))) + 1.5456357815808257*((1/(cosh(x1*x2*x4*x5^(-1))^2)) * (1 * x1*x2*x5^(-1))),2.2789673469864367*((1/(cosh(x0*x2^(3)*x3^(2)*x4^(2)*x5^(-3))^2)) * (-3 * x0*x2^(3)*x3^(2)*x4^(2)*x5^(-4))) + 1.5456357815808257*((1/(cosh(x1*x2*x4*x5^(-1))^2)) * (-1 * x1*x2*x4*x5^(-2)))
-8.770502548084735e-2 + 0.578298926986381*(tanh(x0^(2)*x2^(3)*x3^(2)*x4^(2)*x5^(-2))) + 10.69919987690273*(sqrt(x2^(3)*x4^(3)*x5^(-3))) + 9.091045886364597e-2*(id(x3)) + 0.24323794816398053*(sqrt(x0^(2)*x1^(3))),0.578298926986381*((1/(cosh(x0^(2)*x2^(3)*x3^(2)*x4^(2)*x5^(-2))^2)) * (2 * x0*x2^(3)*x3^(2)*x4^(2)*x5^(-2))) + 0.24323794816398053*((1/(sqrt(x0^(2)*x1^(3))^2)) * (2 * x0*x1^(3))),0.24323794816398053*((1/(sqrt(x0^(2)*x1^(3))^2)) * (3 * x0^(2)*x1^(2))),0.578298926986381*((1/(cosh(x0^(2)*x2^(3)*x3^(2)*x4^(2)*x5^(-2))^2)) * (3 * x0^(2)*x2^(2)*x3^(2)*x4^(2)*x5^(-2))) + 10.69919987690273*((1/(sqrt(x2^(3)*x4^(3)*x5^(-3))^2)) * (3 * x2^(2)*x4^(3)*x5^(-3))),0.578298926986381*((1/(cosh(x0^(2)*x2^(3)*x3^(2)*x4^(2)*x5^(-2))^2)) * (2 * x0^(2)*x2^(3)*x3*x4^(2)*x5^(-2))) + 9.091045886364597e-2*(1),0.578298926986381*((1/(cosh(x0^(2)*x2^(3)*x3^(2)*x4^(2)*x5^(-2))^2)) * (2 * x0^(2)*x2^(3)*x3^(2)*x4*x5^(-2))) + 10.69919987690273*((1/(sqrt(x2^(3)*x4^(3)*x5^(-3))^2)) * (3 * x2^(3)*x4^(2)*x5^(-3))),0.578298926986381*((1/(cosh(x0^(2)*x2^(3)*x3^(2)*x4^(2)*x5^(-2))^2)) * (-2 * x0^(2)*x2^(3)*x3^(2)*x4^(2)*x5^(-3))) + 10.69919987690273*((1/(sqrt(x2^(3)*x4^(3)*x5^(-3))^2)) * (-3 * x2^(3)*x4^(3)*x5^(-4)))
0.6820781363187243 + 9.682139953497956e-2*(log(x0^(3)*x1^(3)*x2^(3)*x4^(2)*x5^(-1))) + 0.2210753921861492*(sqrt.abs(x0^(2)*x1^(3))) + 0.8796812057670227*(sqrt(x0^(2)*x1*x2^(2)*x4^(3)*x5^(-2))) + 6.244419377269662e-2*(id(x2*x3^(2)*x4*x5^(-1))),9.682139953497956e-2*((1/x0^(3)*x1^(3)*x2^(3)*x4^(2)*x5^(-1)) * (3 * x0^(2)*x1^(3)*x2^(3)*x4^(2)*x5^(-1))) + 0.2210753921861492*((x0^(2)*x1^(3) / (2*abs(x0^(2)*x1^(3))^(1.5))) * (2 * x0*x1^(3))) + 0.8796812057670227*((1/(sqrt(x0^(2)*x1*x2^(2)*x4^(3)*x5^(-2))^2)) * (2 * x0*x1*x2^(2)*x4^(3)*x5^(-2))),9.682139953497956e-2*((1/x0^(3)*x1^(3)*x2^(3)*x4^(2)*x5^(-1)) * (3 * x0^(3)*x1^(2)*x2^(3)*x4^(2)*x5^(-1))) + 0.2210753921861492*((x0^(2)*x1^(3) / (2*abs(x0^(2)*x1^(3))^(1.5))) * (3 * x0^(2)*x1^(2))) + 0.8796812057670227*((1/(sqrt(x0^(2)*x1*x2^(2)*x4^(3)*x5^(-2))^2)) * (1 * x0^(2)*x2^(2)*x4^(3)*x5^(-2))),9.682139953497956e-2*((1/x0^(3)*x1^(3)*x2^(3)*x4^(2)*x5^(-1)) * (3 * x0^(3)*x1^(3)*x2^(2)*x4^(2)*x5^(-1))) + 0.8796812057670227*((1/(sqrt(x0^(2)*x1*x2^(2)*x4^(3)*x5^(-2))^2)) * (2 * x0^(2)*x1*x2*x4^(3)*x5^(-2))) + 6.244419377269662e-2*((1 * x3^(2)*x4*x5^(-1))),6.244419377269662e-2*((2 * x2*x3*x4*x5^(-1))),9.682139953497956e-2*((1/x0^(3)*x1^(3)*x2^(3)*x4^(2)*x5^(-1)) * (2 * x0^(3)*x1^(3)*x2^(3)*x4*x5^(-1))) + 0.8796812057670227*((1/(sqrt(x0^(2)*x1*x2^(2)*x4^(3)*x5^(-2))^2)) * (3 * x0^(2)*x1*x2^(2)*x4^(2)*x5^(-2))) + 6.244419377269662e-2*((1 * x2*x3^(2)*x5^(-1))),9.682139953497956e-2*((1/x0^(3)*x1^(3)*x2^(3)*x4^(2)*x5^(-1)) * (-1 * x0^(3)*x1^(3)*x2^(3)*x4^(2)*x5^(-2))) + 0.8796812057670227*((1/(sqrt(x0^(2)*x1*x2^(2)*x4^(3)*x5^(-2))^2)) * (-2 * x0^(2)*x1*x2^(2)*x4^(3)*x5^(-3))) + 6.244419377269662e-2*((-1 * x2*x3^(2)*x4*x5^(-2)))
-0.6437701265044774 + 0.2078653143696926*(sqrt.abs(x0^(3)*x1^(3))) + 0.12219375351851383*(sqrt(x0*x1^(2)*x2^(2)*x4^(3))) + -0.30600286102463614*(log(x1^(-3))) + 0.43762617709212914*(id(x2*x3^(2)*x5^(-2))),0.2078653143696926*((x0^(3)*x1^(3) / (2*abs(x0^(3)*x1^(3))^(1.5))) * (3 * x0^(2)*x1^(3))) + 0.12219375351851383*((1/(sqrt(x0*x1^(2)*x2^(2)*x4^(3))^2)) * (1 * x1^(2)*x2^(2)*x4^(3))),0.2078653143696926*((x0^(3)*x1^(3) / (2*abs(x0^(3)*x1^(3))^(1.5))) * (3 * x0^(3)*x1^(2))) + 0.12219375351851383*((1/(sqrt(x0*x1^(2)*x2^(2)*x4^(3))^2)) * (2 * x0*x1*x2^(2)*x4^(3))) + -0.30600286102463614*((1/x1^(-3)) * (-3 * x1^(-4))),0.12219375351851383*((1/(sqrt(x0*x1^(2)*x2^(2)*x4^(3))^2)) * (2 * x0*x1^(2)*x2*x4^(3))) + 0.43762617709212914*((1 * x3^(2)*x5^(-2))),0.43762617709212914*((2 * x2*x3*x5^(-2))),0.12219375351851383*((1/(sqrt(x0*x1^(2)*x2^(2)*x4^(3))^2)) * (3 * x0*x1^(2)*x2^(2)*x4^(2))),0.43762617709212914*((-2 * x2*x3^(2)*x5^(-3)))